石門水庫	20266.1	19925.9	2022-01-01
西勢水庫	43.69	42.96	2022-01-01
新山水庫	1002.0	926.5	2022-01-01
翡翠水庫	33550.5	31866.63	2022-01-01
寶山水庫	503.5	411.69	2022-01-01
寶山第二水庫	3147.18	2473.49	2022-01-01
永和山水庫	2998.94	2373.9	2022-01-01
大埔水庫	529.9	412.22	2022-01-01
明德水庫	1222.05	711.35	2022-01-01
鯉魚潭水庫	11446.01	8875.74	2022-01-01
德基水庫	18642.0	18531.0	2022-01-01
石岡壩	149.31	25.39	2022-01-01
霧社水庫	3752.88	3442.36	2022-01-01
日月潭水庫	12806.03	12067.16	2022-01-01
湖山水庫	5086.51	3817.56	2022-01-01
仁義潭水庫	2482.25	1667.03	2022-01-01
蘭潭水庫	923.97	605.82	2022-01-01
白河水庫	1173.45	390.0	2022-01-01
烏山頭水庫	7857.9	6052.0	2022-01-01
曾文水庫	50956.0	35064.0	2022-01-01
南化水庫	9097.9	7445.0	2022-01-01
鏡面水庫	98.3	73.12	2022-01-01
澄清湖水庫	262.95	254.0	2022-01-01
阿公店水庫	1525.89	1450.0	2022-01-01
鳳山水庫	716.0	366.4	2022-01-01
牡丹水庫	2651.32	2335.0	2022-01-01
成功水庫	104.0	72.91	2022-01-01
興仁水庫	63.7	22.38	2022-01-01
太湖水庫	148.1	15.93	2022-01-01
田埔水庫	48.6	23.46	2022-01-01
金沙水庫	43.5	30.7	2022-01-01
后沃水庫	41.63	17.17	2022-01-01
石門水庫	20266.1	19910.97	2022-01-08
西勢水庫	43.69	43.69	2022-01-08
新山水庫	1002.0	927.5	2022-01-08
翡翠水庫	33550.5	31830.68	2022-01-08
寶山水庫	503.5	400.08	2022-01-08
寶山第二水庫	3147.18	2411.55	2022-01-08
永和山水庫	2998.94	2304.85	2022-01-08
大埔水庫	529.9	417.57	2022-01-08
明德水庫	1222.05	697.92	2022-01-08
鯉魚潭水庫	11446.01	8582.79	2022-01-08
德基水庫	18642.0	18383.11	2022-01-08
石岡壩	149.31	18.95	2022-01-08
霧社水庫	3752.88	3364.57	2022-01-08
日月潭水庫	12806.03	12459.29	2022-01-08
湖山水庫	5086.51	3693.77	2022-01-08
仁義潭水庫	2482.25	1542.93	2022-01-08
蘭潭水庫	923.97	604.44	2022-01-08
白河水庫	1173.45	390.0	2022-01-08
烏山頭水庫	7857.9	5679.0	2022-01-08
曾文水庫	50956.0	35146.0	2022-01-08
南化水庫	9097.9	7153.84	2022-01-08
鏡面水庫	98.3	72.5	2022-01-08
澄清湖水庫	262.95	256.0	2022-01-08
阿公店水庫	1525.89	1365.0	2022-01-08
鳳山水庫	716.0	368.43	2022-01-08
牡丹水庫	2651.32	2327.0	2022-01-08
成功水庫	104.0	71.1	2022-01-08
興仁水庫	63.7	22.3	2022-01-08
太湖水庫	148.1	17.59	2022-01-08
田埔水庫	48.6	21.22	2022-01-08
金沙水庫	43.5	30.14	2022-01-08
后沃水庫	41.63	17.1	2022-01-08
石門水庫	20266.1	19587.7	2022-01-15
西勢水庫	43.69	41.49	2022-01-15
新山水庫	1002.0	928.5	2022-01-15
翡翠水庫	33550.5	31722.93	2022-01-15
寶山水庫	503.5	388.05	2022-01-15
寶山第二水庫	3147.18	2358.17	2022-01-15
永和山水庫	2998.94	2333.85	2022-01-15
大埔水庫	529.9	425.1	2022-01-15
明德水庫	1222.05	682.22	2022-01-15
鯉魚潭水庫	11446.01	8289.07	2022-01-15
德基水庫	18642.0	18350.35	2022-01-15
石岡壩	149.31	31.17	2022-01-15
霧社水庫	3752.88	3333.26	2022-01-15
日月潭水庫	12806.03	12427.16	2022-01-15
湖山水庫	5086.51	3553.05	2022-01-15
仁義潭水庫	2482.25	1408.94	2022-01-15
蘭潭水庫	923.97	600.31	2022-01-15
白河水庫	1173.45	390.0	2022-01-15
烏山頭水庫	7857.9	5279.0	2022-01-15
曾文水庫	50956.0	35244.0	2022-01-15
南化水庫	9097.9	6846.29	2022-01-15
鏡面水庫	98.3	71.43	2022-01-15
澄清湖水庫	-1.0	240.0	2022-01-15
阿公店水庫	1525.89	1284.0	2022-01-15
鳳山水庫	716.0	360.32	2022-01-15
牡丹水庫	2652.17	2291.0	2022-01-15
成功水庫	104.0	68.9	2022-01-15
興仁水庫	63.7	22.22	2022-01-15
太湖水庫	148.1	20.27	2022-01-15
田埔水庫	48.6	19.48	2022-01-15
金沙水庫	43.5	29.02	2022-01-15
后沃水庫	41.63	16.42	2022-01-15
石門水庫	20266.1	19554.06	2022-01-22
西勢水庫	43.69	43.69	2022-01-22
新山水庫	1002.0	950.0	2022-01-22
翡翠水庫	33550.5	32902.22	2022-01-22
寶山水庫	503.5	374.55	2022-01-22
寶山第二水庫	3147.18	2348.54	2022-01-22
永和山水庫	2998.94	2211.76	2022-01-22
大埔水庫	529.9	434.82	2022-01-22
明德水庫	1222.05	675.05	2022-01-22
鯉魚潭水庫	11446.01	8115.52	2022-01-22
德基水庫	18642.0	18199.23	2022-01-22
石岡壩	149.31	33.16	2022-01-22
霧社水庫	3752.88	3415.52	2022-01-22
日月潭水庫	12806.03	12620.29	2022-01-22
湖山水庫	5086.51	3438.51	2022-01-22
仁義潭水庫	2482.25	1322.03	2022-01-22
蘭潭水庫	923.97	589.33	2022-01-22
白河水庫	1173.45	390.0	2022-01-22
烏山頭水庫	7857.9	6189.0	2022-01-22
曾文水庫	50956.0	33264.0	2022-01-22
南化水庫	9097.9	6579.5	2022-01-22
鏡面水庫	98.3	70.47	2022-01-22
澄清湖水庫	262.95	255.0	2022-01-22
阿公店水庫	1525.89	1216.0	2022-01-22
鳳山水庫	716.0	366.4	2022-01-22
牡丹水庫	2652.17	2267.0	2022-01-22
成功水庫	104.0	67.1	2022-01-22
興仁水庫	63.7	22.06	2022-01-22
太湖水庫	148.1	25.42	2022-01-22
田埔水庫	48.6	19.01	2022-01-22
金沙水庫	43.5	30.14	2022-01-22
后沃水庫	41.63	15.7	2022-01-22
石門水庫	20526.01	19859.72	2022-02-01
西勢水庫	43.69	43.69	2022-02-01
新山水庫	1002.0	952.5	2022-02-01
翡翠水庫	33550.5	30520.4	2022-02-01
寶山水庫	503.5	371.45	2022-02-01
寶山第二水庫	3147.18	2425.3	2022-02-01
永和山水庫	2998.94	2204.35	2022-02-01
大埔水庫	529.9	472.0	2022-02-01
明德水庫	1222.05	688.23	2022-02-01
鯉魚潭水庫	11446.01	8044.91	2022-02-01
德基水庫	18642.0	18370.82	2022-02-01
石岡壩	149.31	81.49	2022-02-01
霧社水庫	3752.88	3430.15	2022-02-01
日月潭水庫	12806.03	11709.82	2022-02-01
湖山水庫	5086.51	3290.87	2022-02-01
仁義潭水庫	2482.25	1244.49	2022-02-01
蘭潭水庫	923.97	565.56	2022-02-01
白河水庫	1307.1	390.0	2022-02-01
烏山頭水庫	7911.42	6207.0	2022-02-01
曾文水庫	50956.0	30307.0	2022-02-01
南化水庫	9097.9	6246.21	2022-02-01
鏡面水庫	98.3	69.22	2022-02-01
澄清湖水庫	262.95	236.0	2022-02-01
阿公店水庫	1525.89	1160.0	2022-02-01
鳳山水庫	716.0	382.27	2022-02-01
牡丹水庫	2652.17	2458.0	2022-02-01
成功水庫	104.0	64.6	2022-02-01
興仁水庫	63.7	22.22	2022-02-01
太湖水庫	148.1	34.71	2022-02-01
田埔水庫	48.6	18.2	2022-02-01
金沙水庫	43.5	28.89	2022-02-01
后沃水庫	41.63	15.91	2022-02-01
石門水庫	20526.01	20517.47	2022-02-08
西勢水庫	43.69	43.69	2022-02-08
新山水庫	1002.0	948.5	2022-02-08
翡翠水庫	33550.5	30653.24	2022-02-08
寶山水庫	503.5	390.66	2022-02-08
寶山第二水庫	3147.18	2705.73	2022-02-08
永和山水庫	2998.94	2369.26	2022-02-08
大埔水庫	529.9	474.21	2022-02-08
明德水庫	1222.05	752.33	2022-02-08
鯉魚潭水庫	11446.01	8143.76	2022-02-08
德基水庫	18642.0	18489.84	2022-02-08
石岡壩	160.54	26.42	2022-02-08
霧社水庫	3752.88	3393.63	2022-02-08
日月潭水庫	12806.03	12459.3	2022-02-08
湖山水庫	5086.51	3177.48	2022-02-08
仁義潭水庫	2482.25	1189.61	2022-02-08
蘭潭水庫	923.97	546.76	2022-02-08
白河水庫	1307.1	387.0	2022-02-08
烏山頭水庫	7857.9	6999.0	2022-02-08
曾文水庫	50956.0	28131.0	2022-02-08
南化水庫	9097.9	6017.18	2022-02-08
鏡面水庫	98.3	68.02	2022-02-08
澄清湖水庫	262.95	239.0	2022-02-08
阿公店水庫	1525.89	1097.0	2022-02-08
鳳山水庫	716.0	364.87	2022-02-08
牡丹水庫	2652.17	2408.0	2022-02-08
成功水庫	104.0	62.5	2022-02-08
興仁水庫	63.7	22.22	2022-02-08
太湖水庫	148.1	45.45	2022-02-08
田埔水庫	48.6	19.21	2022-02-08
金沙水庫	43.5	28.89	2022-02-08
后沃水庫	41.63	16.01	2022-02-08
石門水庫	20526.01	20578.11	2022-02-15
西勢水庫	43.69	43.69	2022-02-15
新山水庫	1002.0	951.5	2022-02-15
翡翠水庫	33550.5	31356.0	2022-02-15
寶山水庫	503.5	429.26	2022-02-15
寶山第二水庫	3147.18	2988.36	2022-02-15
永和山水庫	2998.94	2522.09	2022-02-15
大埔水庫	529.9	486.39	2022-02-15
明德水庫	1222.05	853.09	2022-02-15
鯉魚潭水庫	11446.01	8126.11	2022-02-15
德基水庫	18642.0	18407.7	2022-02-15
石岡壩	160.54	21.86	2022-02-15
霧社水庫	3752.88	3326.06	2022-02-15
日月潭水庫	12806.03	11979.53	2022-02-15
湖山水庫	5086.51	3056.85	2022-02-15
仁義潭水庫	2482.25	1147.01	2022-02-15
蘭潭水庫	923.97	518.28	2022-02-15
白河水庫	1307.1	368.0	2022-02-15
烏山頭水庫	7911.4	6459.0	2022-02-15
曾文水庫	50956.0	26636.0	2022-02-15
南化水庫	9097.9	5738.96	2022-02-15
鏡面水庫	98.3	66.66	2022-02-15
澄清湖水庫	262.95	250.0	2022-02-15
阿公店水庫	1525.89	1032.0	2022-02-15
鳳山水庫	716.0	348.77	2022-02-15
牡丹水庫	2652.17	2320.0	2022-02-15
成功水庫	104.0	60.5	2022-02-15
興仁水庫	63.7	22.14	2022-02-15
太湖水庫	148.1	50.84	2022-02-15
田埔水庫	48.6	18.81	2022-02-15
金沙水庫	43.5	28.89	2022-02-15
后沃水庫	41.63	17.71	2022-02-15
石門水庫	20526.01	20363.71	2022-02-22
西勢水庫	43.69	43.69	2022-02-22
新山水庫	1002.0	955.5	2022-02-22
翡翠水庫	33550.5	31767.81	2022-02-22
寶山水庫	503.5	494.75	2022-02-22
寶山第二水庫	3147.18	3163.54	2022-02-22
永和山水庫	2998.94	2786.17	2022-02-22
大埔水庫	529.9	466.49	2022-02-22
明德水庫	1222.05	1015.38	2022-02-22
鯉魚潭水庫	11446.01	8734.21	2022-02-22
德基水庫	18642.0	18415.9	2022-02-22
石岡壩	160.54	27.1	2022-02-22
霧社水庫	3752.88	3076.33	2022-02-22
日月潭水庫	12806.03	12274.86	2022-02-22
湖山水庫	5086.51	3096.86	2022-02-22
仁義潭水庫	2482.25	1164.37	2022-02-22
蘭潭水庫	923.97	498.04	2022-02-22
白河水庫	1307.1	362.0	2022-02-22
烏山頭水庫	7911.4	6076.0	2022-02-22
曾文水庫	50956.0	25241.0	2022-02-22
南化水庫	8935.1	5734.76	2022-02-22
鏡面水庫	98.3	66.76	2022-02-22
澄清湖水庫	262.95	249.0	2022-02-22
阿公店水庫	1525.89	997.0	2022-02-22
鳳山水庫	716.0	378.66	2022-02-22
牡丹水庫	2652.17	2202.0	2022-02-22
成功水庫	104.0	61.1	2022-02-22
興仁水庫	63.7	22.86	2022-02-22
太湖水庫	148.1	58.74	2022-02-22
田埔水庫	48.6	19.21	2022-02-22
金沙水庫	43.5	28.89	2022-02-22
后沃水庫	41.63	17.84	2022-02-22
石門水庫	20526.01	20630.21	2022-03-01
西勢水庫	43.69	42.33	2022-03-01
新山水庫	1002.0	955.5	2022-03-01
翡翠水庫	33550.5	31597.45	2022-03-01
寶山水庫	503.5	503.5	2022-03-01
寶山第二水庫	3147.18	3166.55	2022-03-01
永和山水庫	2998.94	3007.78	2022-03-01
大埔水庫	529.9	474.21	2022-03-01
明德水庫	1222.05	1179.48	2022-03-01
鯉魚潭水庫	11583.69	10340.79	2022-03-01
德基水庫	18642.0	18407.7	2022-03-01
石岡壩	160.54	25.73	2022-03-01
霧社水庫	3752.88	3254.47	2022-03-01
日月潭水庫	12806.03	12338.92	2022-03-01
湖山水庫	5086.51	3289.22	2022-03-01
仁義潭水庫	2482.25	1215.0	2022-03-01
蘭潭水庫	923.97	479.97	2022-03-01
白河水庫	1173.45	360.0	2022-03-01
烏山頭水庫	7911.4	5769.0	2022-03-01
曾文水庫	50956.0	25635.0	2022-03-01
南化水庫	8935.1	6124.18	2022-03-01
鏡面水庫	98.3	67.44	2022-03-01
澄清湖水庫	262.95	230.0	2022-03-01
阿公店水庫	1525.89	971.0	2022-03-01
鳳山水庫	716.0	352.77	2022-03-01
牡丹水庫	2652.17	2072.0	2022-03-01
成功水庫	104.0	62.3	2022-03-01
興仁水庫	63.7	23.34	2022-03-01
太湖水庫	148.1	68.1	2022-03-01
田埔水庫	48.6	20.01	2022-03-01
金沙水庫	43.5	28.89	2022-03-01
后沃水庫	41.63	17.47	2022-03-01
石門水庫	20526.01	20569.43	2022-03-08
西勢水庫	43.69	31.19	2022-03-08
新山水庫	1002.0	953.0	2022-03-08
翡翠水庫	33550.5	31588.49	2022-03-08
寶山水庫	503.5	503.5	2022-03-08
寶山第二水庫	3147.18	3163.84	2022-03-08
永和山水庫	2998.94	2990.12	2022-03-08
大埔水庫	529.9	463.19	2022-03-08
明德水庫	1222.05	1131.62	2022-03-08
鯉魚潭水庫	11583.69	10728.53	2022-03-08
德基水庫	18642.0	18178.88	2022-03-08
石岡壩	160.54	25.05	2022-03-08
霧社水庫	3752.88	2874.43	2022-03-08
日月潭水庫	12806.03	12539.73	2022-03-08
湖山水庫	5086.51	3262.93	2022-03-08
仁義潭水庫	2482.25	1170.19	2022-03-08
蘭潭水庫	923.97	474.21	2022-03-08
白河水庫	1307.1	344.0	2022-03-08
烏山頭水庫	7911.4	6067.0	2022-03-08
曾文水庫	50956.0	23475.0	2022-03-08
南化水庫	8935.1	6098.18	2022-03-08
鏡面水庫	98.3	66.37	2022-03-08
澄清湖水庫	262.95	252.0	2022-03-08
阿公店水庫	1525.89	905.0	2022-03-08
鳳山水庫	716.0	381.24	2022-03-08
牡丹水庫	2652.17	1946.0	2022-03-08
成功水庫	104.0	60.7	2022-03-08
興仁水庫	63.7	23.26	2022-03-08
太湖水庫	148.1	73.09	2022-03-08
田埔水庫	48.6	19.41	2022-03-08
金沙水庫	43.5	28.89	2022-03-08
后沃水庫	41.63	16.97	2022-03-08
石門水庫	20526.01	20312.46	2022-03-15
西勢水庫	43.69	37.19	2022-03-15
新山水庫	1002.0	952.5	2022-03-15
翡翠水庫	33550.5	31293.52	2022-03-15
寶山水庫	503.5	499.4	2022-03-15
寶山第二水庫	3147.18	3164.9	2022-03-15
永和山水庫	2998.94	2984.84	2022-03-15
大埔水庫	529.9	456.61	2022-03-15
明德水庫	1222.05	1082.95	2022-03-15
鯉魚潭水庫	11583.69	10720.24	2022-03-15
德基水庫	18642.0	17694.39	2022-03-15
石岡壩	160.54	27.45	2022-03-15
霧社水庫	3752.88	2829.07	2022-03-15
日月潭水庫	12806.03	12346.94	2022-03-15
湖山水庫	5086.51	3165.98	2022-03-15
仁義潭水庫	2482.25	1108.73	2022-03-15
蘭潭水庫	923.97	469.1	2022-03-15
白河水庫	1307.1	336.0	2022-03-15
烏山頭水庫	7911.4	6170.0	2022-03-15
曾文水庫	50956.0	22168.0	2022-03-15
南化水庫	8935.1	5935.72	2022-03-15
鏡面水庫	98.3	65.52	2022-03-15
澄清湖水庫	262.95	240.0	2022-03-15
阿公店水庫	1525.89	840.0	2022-03-15
鳳山水庫	716.0	357.8	2022-03-15
牡丹水庫	2652.17	1895.0	2022-03-15
成功水庫	104.0	58.7	2022-03-15
興仁水庫	63.7	23.18	2022-03-15
太湖水庫	148.1	77.32	2022-03-15
田埔水庫	48.6	18.52	2022-03-15
金沙水庫	43.5	28.89	2022-03-15
后沃水庫	41.63	16.11	2022-03-15
石門水庫	20526.01	19774.3	2022-03-22
西勢水庫	43.69	41.4	2022-03-22
新山水庫	1002.0	951.0	2022-03-22
翡翠水庫	33550.5	30617.79	2022-03-22
寶山水庫	503.5	491.28	2022-03-22
寶山第二水庫	3147.18	3160.09	2022-03-22
永和山水庫	2998.94	2958.5	2022-03-22
大埔水庫	529.9	462.09	2022-03-22
明德水庫	1222.05	1040.85	2022-03-22
鯉魚潭水庫	11583.69	10575.18	2022-03-22
德基水庫	18642.0	17201.47	2022-03-22
石岡壩	160.54	30.8	2022-03-22
霧社水庫	3752.88	2249.41	2022-03-22
日月潭水庫	12806.03	12459.29	2022-03-22
湖山水庫	5086.51	3095.26	2022-03-22
仁義潭水庫	2482.25	1037.31	2022-03-22
蘭潭水庫	923.97	471.01	2022-03-22
白河水庫	1307.1	321.0	2022-03-22
烏山頭水庫	7911.4	6309.0	2022-03-22
曾文水庫	50956.0	19924.0	2022-03-22
南化水庫	8935.1	5721.96	2022-03-22
鏡面水庫	98.3	64.52	2022-03-22
澄清湖水庫	262.95	238.0	2022-03-22
阿公店水庫	1525.89	785.0	2022-03-22
鳳山水庫	716.0	370.02	2022-03-22
牡丹水庫	2652.17	1856.0	2022-03-22
成功水庫	104.0	56.66	2022-03-22
興仁水庫	63.7	23.5	2022-03-22
太湖水庫	148.1	81.17	2022-03-22
田埔水庫	48.6	17.2	2022-03-22
金沙水庫	43.5	28.89	2022-03-22
后沃水庫	41.63	15.19	2022-03-22
石門水庫	20526.01	20107.44	2022-04-01
西勢水庫	43.69	43.69	2022-04-01
新山水庫	1002.0	956.5	2022-04-01
翡翠水庫	33550.5	31561.63	2022-04-01
寶山水庫	503.5	503.5	2022-04-01
寶山第二水庫	3147.18	3157.54	2022-04-01
永和山水庫	2998.94	2951.5	2022-04-01
大埔水庫	529.9	460.99	2022-04-01
明德水庫	1222.05	1216.15	2022-04-01
鯉魚潭水庫	11583.69	11627.82	2022-04-01
德基水庫	18642.0	17582.37	2022-04-01
石岡壩	160.54	30.8	2022-04-01
霧社水庫	3752.88	2484.94	2022-04-01
日月潭水庫	12806.03	12620.29	2022-04-01
湖山水庫	5086.51	3200.49	2022-04-01
仁義潭水庫	2484.46	998.71	2022-04-01
蘭潭水庫	923.97	478.69	2022-04-01
白河水庫	1307.1	313.0	2022-04-01
烏山頭水庫	7911.4	6240.0	2022-04-01
曾文水庫	50956.0	19462.0	2022-04-01
南化水庫	8935.1	5726.24	2022-04-01
鏡面水庫	98.3	63.95	2022-04-01
澄清湖水庫	262.95	235.0	2022-04-01
阿公店水庫	1525.89	706.0	2022-04-01
鳳山水庫	716.0	354.78	2022-04-01
牡丹水庫	2652.17	1746.0	2022-04-01
成功水庫	104.0	58.7	2022-04-01
興仁水庫	63.7	24.7	2022-04-01
太湖水庫	148.1	95.59	2022-04-01
田埔水庫	48.6	18.85	2022-04-01
金沙水庫	43.5	28.89	2022-04-01
后沃水庫	41.63	15.08	2022-04-01
石門水庫	20526.01	20466.22	2022-04-08
西勢水庫	43.69	41.68	2022-04-08
新山水庫	1002.0	946.0	2022-04-08
翡翠水庫	33550.5	31516.9	2022-04-08
寶山水庫	503.5	496.49	2022-04-08
寶山第二水庫	3147.18	3167.91	2022-04-08
永和山水庫	2998.94	2979.56	2022-04-08
大埔水庫	529.9	479.74	2022-04-08
明德水庫	1222.05	1222.9	2022-04-08
鯉魚潭水庫	11583.69	11627.82	2022-04-08
德基水庫	18642.0	18146.33	2022-04-08
石岡壩	160.54	39.71	2022-04-08
霧社水庫	3752.88	3231.35	2022-04-08
日月潭水庫	12806.03	12459.3	2022-04-08
湖山水庫	5086.51	3317.16	2022-04-08
仁義潭水庫	2484.46	973.32	2022-04-08
蘭潭水庫	923.97	471.65	2022-04-08
白河水庫	1307.1	301.0	2022-04-08
烏山頭水庫	7911.4	6362.0	2022-04-08
曾文水庫	50956.0	17866.0	2022-04-08
南化水庫	8935.1	5726.24	2022-04-08
鏡面水庫	98.3	63.15	2022-04-08
澄清湖水庫	262.95	239.0	2022-04-08
阿公店水庫	1525.89	658.0	2022-04-08
鳳山水庫	716.0	387.97	2022-04-08
牡丹水庫	2652.17	1646.0	2022-04-08
成功水庫	104.0	57.81	2022-04-08
興仁水庫	63.7	24.77	2022-04-08
太湖水庫	148.1	98.75	2022-04-08
田埔水庫	48.6	17.8	2022-04-08
金沙水庫	43.5	28.89	2022-04-08
后沃水庫	41.63	16.6	2022-04-08
石門水庫	20526.01	20432.05	2022-04-15
西勢水庫	43.69	35.79	2022-04-15
新山水庫	1002.0	946.0	2022-04-15
翡翠水庫	33550.5	30679.84	2022-04-15
寶山水庫	503.5	488.39	2022-04-15
寶山第二水庫	3147.18	3160.39	2022-04-15
永和山水庫	2998.94	2965.51	2022-04-15
大埔水庫	529.9	464.29	2022-04-15
明德水庫	1222.05	1211.03	2022-04-15
鯉魚潭水庫	11583.69	11605.76	2022-04-15
德基水庫	18642.0	17738.51	2022-04-15
石岡壩	160.54	32.35	2022-04-15
霧社水庫	3752.88	2275.55	2022-04-15
日月潭水庫	12806.03	12499.5	2022-04-15
湖山水庫	5086.51	3208.71	2022-04-15
仁義潭水庫	2484.46	945.69	2022-04-15
蘭潭水庫	923.97	446.33	2022-04-15
白河水庫	1307.1	293.0	2022-04-15
烏山頭水庫	7911.4	5502.0	2022-04-15
曾文水庫	50956.0	17665.0	2022-04-15
南化水庫	8935.1	5591.73	2022-04-15
鏡面水庫	98.3	62.09	2022-04-15
澄清湖水庫	262.95	240.0	2022-04-15
阿公店水庫	1525.89	602.0	2022-04-15
鳳山水庫	716.0	346.77	2022-04-15
牡丹水庫	2652.17	1562.0	2022-04-15
成功水庫	104.0	55.28	2022-04-15
興仁水庫	63.7	24.77	2022-04-15
太湖水庫	148.1	101.91	2022-04-15
田埔水庫	48.6	16.2	2022-04-15
金沙水庫	43.5	28.89	2022-04-15
后沃水庫	41.63	16.15	2022-04-15
石門水庫	20526.01	20355.17	2022-04-22
西勢水庫	43.69	37.47	2022-04-22
新山水庫	1002.0	945.0	2022-04-22
翡翠水庫	33550.5	30440.81	2022-04-22
寶山水庫	503.5	490.12	2022-04-22
寶山第二水庫	3147.18	3170.91	2022-04-22
永和山水庫	2998.94	2956.75	2022-04-22
大埔水庫	529.9	485.28	2022-04-22
明德水庫	1222.05	1185.94	2022-04-22
鯉魚潭水庫	11583.69	11601.35	2022-04-22
德基水庫	18642.0	16875.77	2022-04-22
石岡壩	160.54	37.64	2022-04-22
霧社水庫	3752.88	1924.42	2022-04-22
日月潭水庫	12806.03	12579.99	2022-04-22
湖山水庫	5086.51	3090.46	2022-04-22
仁義潭水庫	2484.46	853.01	2022-04-22
蘭潭水庫	923.97	468.46	2022-04-22
白河水庫	1307.1	277.0	2022-04-22
烏山頭水庫	7911.4	6145.0	2022-04-22
曾文水庫	50956.0	15376.0	2022-04-22
南化水庫	8935.1	5391.54	2022-04-22
鏡面水庫	98.3	61.01	2022-04-22
澄清湖水庫	262.95	250.0	2022-04-22
阿公店水庫	1525.89	532.0	2022-04-22
鳳山水庫	716.0	370.47	2022-04-22
牡丹水庫	2652.17	1514.0	2022-04-22
成功水庫	104.0	52.5	2022-04-22
興仁水庫	63.7	24.77	2022-04-22
太湖水庫	148.1	105.07	2022-04-22
田埔水庫	48.6	15.01	2022-04-22
金沙水庫	43.5	28.89	2022-04-22
后沃水庫	41.63	15.32	2022-04-22
石門水庫	20526.01	19962.23	2022-05-01
西勢水庫	43.69	30.02	2022-05-01
新山水庫	1002.0	945.0	2022-05-01
翡翠水庫	33550.5	29483.1	2022-05-01
寶山水庫	503.5	482.66	2022-05-01
寶山第二水庫	3147.18	3160.69	2022-05-01
永和山水庫	2998.94	2916.63	2022-05-01
大埔水庫	529.9	448.95	2022-05-01
明德水庫	1222.05	1119.03	2022-05-01
鯉魚潭水庫	11583.69	11557.74	2022-05-01
德基水庫	18642.0	16191.81	2022-05-01
石岡壩	160.54	26.76	2022-05-01
霧社水庫	3752.88	1761.88	2022-05-01
日月潭水庫	12806.03	11979.53	2022-05-01
湖山水庫	5086.51	3021.64	2022-05-01
仁義潭水庫	2484.46	768.39	2022-05-01
蘭潭水庫	923.97	494.15	2022-05-01
白河水庫	1307.1	267.0	2022-05-01
烏山頭水庫	7911.4	5518.0	2022-05-01
曾文水庫	50956.0	14814.0	2022-05-01
南化水庫	8935.1	4961.83	2022-05-01
鏡面水庫	98.3	59.62	2022-05-01
澄清湖水庫	262.95	240.0	2022-05-01
阿公店水庫	1525.89	447.0	2022-05-01
鳳山水庫	716.0	382.27	2022-05-01
牡丹水庫	2652.17	1420.0	2022-05-01
成功水庫	104.0	49.03	2022-05-01
興仁水庫	63.7	24.7	2022-05-01
太湖水庫	148.1	104.19	2022-05-01
田埔水庫	48.6	15.01	2022-05-01
金沙水庫	43.5	28.89	2022-05-01
后沃水庫	41.63	14.98	2022-05-01
石門水庫	20526.01	19953.69	2022-05-08
西勢水庫	43.69	43.6	2022-05-08
新山水庫	1002.0	952.5	2022-05-08
翡翠水庫	33550.5	29798.14	2022-05-08
寶山水庫	503.5	503.5	2022-05-08
寶山第二水庫	3147.18	3160.84	2022-05-08
永和山水庫	2998.94	2907.95	2022-05-08
大埔水庫	529.9	441.32	2022-05-08
明德水庫	1222.05	1087.55	2022-05-08
鯉魚潭水庫	11583.69	11592.52	2022-05-08
德基水庫	18642.0	16864.05	2022-05-08
石岡壩	160.54	53.72	2022-05-08
霧社水庫	3752.88	1862.23	2022-05-08
日月潭水庫	12806.03	12380.98	2022-05-08
湖山水庫	5086.51	3093.66	2022-05-08
仁義潭水庫	2484.46	749.16	2022-05-08
蘭潭水庫	923.97	477.41	2022-05-08
白河水庫	1307.1	264.0	2022-05-08
烏山頭水庫	7911.4	5288.0	2022-05-08
曾文水庫	50956.0	14308.0	2022-05-08
南化水庫	8935.1	4850.27	2022-05-08
鏡面水庫	98.3	58.9	2022-05-08
澄清湖水庫	262.95	218.0	2022-05-08
阿公店水庫	1525.89	426.0	2022-05-08
鳳山水庫	716.0	351.77	2022-05-08
牡丹水庫	2652.17	1251.0	2022-05-08
成功水庫	104.0	47.11	2022-05-08
興仁水庫	63.7	24.84	2022-05-08
太湖水庫	148.1	113.73	2022-05-08
田埔水庫	48.6	12.05	2022-05-08
金沙水庫	43.5	28.89	2022-05-08
后沃水庫	41.63	15.53	2022-05-08
石門水庫	20526.01	19774.3	2022-05-15
西勢水庫	43.69	43.69	2022-05-15
新山水庫	1002.0	960.0	2022-05-15
翡翠水庫	33550.5	29885.9	2022-05-15
寶山水庫	503.5	495.33	2022-05-15
寶山第二水庫	3147.18	3162.19	2022-05-15
永和山水庫	2998.94	2887.18	2022-05-15
大埔水庫	529.9	351.17	2022-05-15
明德水庫	1222.05	1218.44	2022-05-15
鯉魚潭水庫	11583.69	11636.64	2022-05-15
德基水庫	18642.0	16770.44	2022-05-15
石岡壩	160.54	30.42	2022-05-15
霧社水庫	3752.88	1776.64	2022-05-15
日月潭水庫	12806.03	12397.11	2022-05-15
湖山水庫	5086.51	3369.38	2022-05-15
仁義潭水庫	2484.46	778.11	2022-05-15
蘭潭水庫	923.97	462.11	2022-05-15
白河水庫	1307.1	260.0	2022-05-15
烏山頭水庫	7911.4	4606.0	2022-05-15
曾文水庫	50956.0	14525.0	2022-05-15
南化水庫	8935.1	5021.95	2022-05-15
鏡面水庫	98.3	58.29	2022-05-15
澄清湖水庫	262.95	206.0	2022-05-15
阿公店水庫	-1.0	416.0	2022-05-15
鳳山水庫	716.0	368.94	2022-05-15
牡丹水庫	2652.17	1074.0	2022-05-15
成功水庫	104.0	58.9	2022-05-15
興仁水庫	63.7	29.47	2022-05-15
太湖水庫	148.1	128.99	2022-05-15
田埔水庫	48.6	14.02	2022-05-15
金沙水庫	43.5	28.89	2022-05-15
后沃水庫	41.63	16.42	2022-05-15
石門水庫	20526.01	20355.17	2022-05-22
西勢水庫	43.69	43.6	2022-05-22
新山水庫	1002.0	949.0	2022-05-22
翡翠水庫	33550.5	30697.56	2022-05-22
寶山水庫	503.5	494.17	2022-05-22
寶山第二水庫	3147.18	3160.69	2022-05-22
永和山水庫	2998.94	2906.22	2022-05-22
大埔水庫	529.9	459.9	2022-05-22
明德水庫	1222.05	1191.83	2022-05-22
鯉魚潭水庫	11583.69	11623.41	2022-05-22
德基水庫	18642.0	16942.24	2022-05-22
石岡壩	160.54	137.17	2022-05-22
霧社水庫	3752.88	3506.6	2022-05-22
日月潭水庫	12806.03	11452.14	2022-05-22
湖山水庫	5086.51	4180.59	2022-05-22
仁義潭水庫	2484.46	1342.98	2022-05-22
蘭潭水庫	923.97	479.97	2022-05-22
白河水庫	1307.1	0.0	2022-05-22
烏山頭水庫	7911.4	4509.0	2022-05-22
曾文水庫	50956.0	17590.0	2022-05-22
南化水庫	8935.1	6510.55	2022-05-22
鏡面水庫	98.3	58.47	2022-05-22
澄清湖水庫	262.95	192.0	2022-05-22
阿公店水庫	1525.89	424.0	2022-05-22
牡丹水庫	2652.17	1149.0	2022-05-22
成功水庫	104.0	81.14	2022-05-22
興仁水庫	63.7	38.3	2022-05-22
太湖水庫	148.1	134.15	2022-05-22
田埔水庫	48.6	14.79	2022-05-22
金沙水庫	43.5	28.89	2022-05-22
后沃水庫	41.63	18.11	2022-05-22
石門水庫	20526.01	20423.5	2022-06-01
西勢水庫	43.69	43.69	2022-06-01
新山水庫	1002.0	935.5	2022-06-01
翡翠水庫	33550.5	31026.2	2022-06-01
寶山水庫	503.5	485.52	2022-06-01
寶山第二水庫	3147.18	3159.94	2022-06-01
永和山水庫	2998.94	2916.63	2022-06-01
大埔水庫	529.9	464.29	2022-06-01
明德水庫	1222.05	1196.25	2022-06-01
鯉魚潭水庫	11583.69	11627.82	2022-06-01
德基水庫	18642.0	17698.4	2022-06-01
石岡壩	160.54	132.5	2022-06-01
霧社水庫	3752.88	3506.6	2022-06-01
日月潭水庫	12964.03	12091.38	2022-06-01
湖山水庫	5086.51	5111.34	2022-06-01
仁義潭水庫	2484.46	1944.55	2022-06-01
蘭潭水庫	923.97	578.42	2022-06-01
白河水庫	1307.1	278.0	2022-06-01
烏山頭水庫	7911.4	4561.0	2022-06-01
曾文水庫	50956.0	22224.0	2022-06-01
南化水庫	8935.1	8054.46	2022-06-01
鏡面水庫	98.3	61.75	2022-06-01
澄清湖水庫	262.95	204.0	2022-06-01
阿公店水庫	1525.89	365.0	2022-06-01
鳳山水庫	716.0	368.43	2022-06-01
牡丹水庫	2652.17	1297.0	2022-06-01
成功水庫	104.0	90.66	2022-06-01
興仁水庫	63.7	41.35	2022-06-01
太湖水庫	148.1	148.08	2022-06-01
田埔水庫	48.6	21.84	2022-06-01
金沙水庫	43.5	42.97	2022-06-01
后沃水庫	41.63	21.46	2022-06-01
石門水庫	20526.01	20380.79	2022-06-08
西勢水庫	43.69	43.69	2022-06-08
新山水庫	1002.0	934.5	2022-06-08
翡翠水庫	33550.5	30768.54	2022-06-08
寶山水庫	503.5	503.5	2022-06-08
寶山第二水庫	3147.18	3168.21	2022-06-08
永和山水庫	2998.94	2949.75	2022-06-08
大埔水庫	529.9	303.42	2022-06-08
明德水庫	1222.05	1146.49	2022-06-08
鯉魚潭水庫	11583.69	11663.12	2022-06-08
德基水庫	18642.0	17000.98	2022-06-08
石岡壩	160.54	104.34	2022-06-08
霧社水庫	3752.88	3161.69	2022-06-08
日月潭水庫	12964.03	12171.63	2022-06-08
湖山水庫	5086.51	5088.58	2022-06-08
仁義潭水庫	2484.46	2349.34	2022-06-08
蘭潭水庫	923.97	719.67	2022-06-08
白河水庫	1307.1	275.0	2022-06-08
烏山頭水庫	7911.4	4975.0	2022-06-08
曾文水庫	50956.0	24705.0	2022-06-08
南化水庫	8935.1	8560.12	2022-06-08
鏡面水庫	98.3	66.66	2022-06-08
澄清湖水庫	262.95	220.0	2022-06-08
阿公店水庫	1525.89	1.0	2022-06-08
鳳山水庫	716.0	376.6	2022-06-08
牡丹水庫	2652.17	1326.0	2022-06-08
成功水庫	104.0	91.5	2022-06-08
興仁水庫	63.7	41.9	2022-06-08
太湖水庫	148.1	148.08	2022-06-08
田埔水庫	48.6	25.31	2022-06-08
金沙水庫	43.5	42.97	2022-06-08
后沃水庫	41.63	22.64	2022-06-08
石門水庫	20526.01	19638.15	2022-06-15
西勢水庫	43.69	43.69	2022-06-15
新山水庫	1002.0	943.5	2022-06-15
翡翠水庫	33550.5	27955.93	2022-06-15
寶山水庫	503.5	497.07	2022-06-15
寶山第二水庫	3147.18	3157.24	2022-06-15
永和山水庫	2998.94	2916.63	2022-06-15
大埔水庫	529.9	447.86	2022-06-15
明德水庫	1245.26	1196.25	2022-06-15
鯉魚潭水庫	11583.69	11623.41	2022-06-15
德基水庫	18642.0	18146.33	2022-06-15
石岡壩	160.54	140.13	2022-06-15
霧社水庫	3752.88	3393.92	2022-06-15
日月潭水庫	12964.03	12493.97	2022-06-15
湖山水庫	5086.51	5111.34	2022-06-15
仁義潭水庫	2484.46	2367.57	2022-06-15
蘭潭水庫	923.97	861.02	2022-06-15
白河水庫	1307.1	295.0	2022-06-15
烏山頭水庫	7911.4	5207.0	2022-06-15
曾文水庫	50956.0	27007.0	2022-06-15
南化水庫	8935.1	8415.61	2022-06-15
鏡面水庫	98.3	75.08	2022-06-15
澄清湖水庫	262.95	221.0	2022-06-15
阿公店水庫	1525.89	34.0	2022-06-15
鳳山水庫	716.0	359.31	2022-06-15
牡丹水庫	2652.17	1310.0	2022-06-15
成功水庫	104.0	103.14	2022-06-15
興仁水庫	63.7	56.8	2022-06-15
太湖水庫	0.0	148.08	2022-06-15
田埔水庫	0.0	34.68	2022-06-15
金沙水庫	0.0	42.97	2022-06-15
后沃水庫	41.63	32.19	2022-06-15
石門水庫	20526.01	18764.67	2022-06-22
西勢水庫	43.69	43.69	2022-06-22
新山水庫	1002.0	945.0	2022-06-22
翡翠水庫	33550.5	28220.84	2022-06-22
寶山水庫	503.5	487.23	2022-06-22
寶山第二水庫	3147.18	3158.89	2022-06-22
永和山水庫	2998.94	2928.81	2022-06-22
大埔水庫	529.9	445.68	2022-06-22
明德水庫	1245.26	1197.72	2022-06-22
鯉魚潭水庫	11583.69	11614.58	2022-06-22
德基水庫	18642.0	18113.82	2022-06-22
石岡壩	160.54	123.29	2022-06-22
霧社水庫	3752.88	3152.14	2022-06-22
日月潭水庫	12964.03	12712.39	2022-06-22
湖山水庫	5086.51	5100.99	2022-06-22
仁義潭水庫	2484.46	-1.0	2022-06-22
蘭潭水庫	923.97	881.09	2022-06-22
白河水庫	1307.1	288.0	2022-06-22
烏山頭水庫	7911.4	5329.0	2022-06-22
曾文水庫	50956.0	26562.0	2022-06-22
南化水庫	8935.1	8535.12	2022-06-22
鏡面水庫	98.3	74.36	2022-06-22
澄清湖水庫	262.95	209.0	2022-06-22
阿公店水庫	1525.89	20.0	2022-06-22
鳳山水庫	716.0	357.8	2022-06-22
牡丹水庫	2652.17	1268.0	2022-06-22
成功水庫	104.0	97.81	2022-06-22
興仁水庫	63.7	56.52	2022-06-22
太湖水庫	148.1	148.08	2022-06-22
田埔水庫	48.6	42.79	2022-06-22
金沙水庫	43.5	43.2	2022-06-22
后沃水庫	41.63	38.7	2022-06-22
石門水庫	20526.01	18739.87	2022-07-01
西勢水庫	43.69	42.7	2022-07-01
新山水庫	1002.0	935.0	2022-07-01
翡翠水庫	33550.5	27930.35	2022-07-01
寶山水庫	503.5	475.27	2022-07-01
寶山第二水庫	3147.18	3158.14	2022-07-01
永和山水庫	2998.94	2911.42	2022-07-01
大埔水庫	529.9	473.1	2022-07-01
明德水庫	1245.26	1184.47	2022-07-01
鯉魚潭水庫	11583.69	11627.82	2022-07-01
德基水庫	18642.0	17173.88	2022-07-01
石岡壩	160.54	123.29	2022-07-01
霧社水庫	3682.5	2482.81	2022-07-01
日月潭水庫	12964.03	12712.39	2022-07-01
湖山水庫	5086.51	5092.72	2022-07-01
仁義潭水庫	2484.46	2369.85	2022-07-01
蘭潭水庫	923.97	898.17	2022-07-01
白河水庫	1307.1	339.0	2022-07-01
烏山頭水庫	7911.4	6024.0	2022-07-01
曾文水庫	50956.0	26414.0	2022-07-01
南化水庫	8935.1	8695.1	2022-07-01
鏡面水庫	98.3	74.67	2022-07-01
澄清湖水庫	262.95	221.0	2022-07-01
阿公店水庫	1525.89	30.0	2022-07-01
鳳山水庫	716.0	357.8	2022-07-01
牡丹水庫	2652.17	1291.0	2022-07-01
成功水庫	104.0	95.04	2022-07-01
興仁水庫	63.7	55.4	2022-07-01
太湖水庫	148.1	148.08	2022-07-01
田埔水庫	48.6	47.34	2022-07-01
金沙水庫	43.5	43.04	2022-07-01
后沃水庫	41.63	40.42	2022-07-01
石門水庫	20526.01	18731.6	2022-07-08
西勢水庫	43.69	43.6	2022-07-08
新山水庫	1002.0	922.55	2022-07-08
翡翠水庫	33550.5	27990.05	2022-07-08
寶山水庫	503.5	488.39	2022-07-08
寶山第二水庫	3147.18	3155.43	2022-07-08
永和山水庫	2998.94	2909.69	2022-07-08
大埔水庫	529.9	-1.0	2022-07-08
明德水庫	1245.26	1194.77	2022-07-08
鯉魚潭水庫	11583.69	11605.76	2022-07-08
德基水庫	18642.0	17181.76	2022-07-08
石岡壩	160.54	126.72	2022-07-08
霧社水庫	3682.5	3102.26	2022-07-08
日月潭水庫	12964.03	12599.05	2022-07-08
湖山水庫	5086.51	5107.2	2022-07-08
仁義潭水庫	2484.46	2385.83	2022-07-08
蘭潭水庫	923.97	852.57	2022-07-08
白河水庫	1307.1	613.0	2022-07-08
烏山頭水庫	7911.4	6214.0	2022-07-08
曾文水庫	50956.0	27380.0	2022-07-08
南化水庫	8935.1	8765.1	2022-07-08
鏡面水庫	98.3	79.95	2022-07-08
澄清湖水庫	262.95	220.0	2022-07-08
阿公店水庫	1525.89	21.0	2022-07-08
鳳山水庫	716.0	363.86	2022-07-08
牡丹水庫	2652.17	1501.0	2022-07-08
成功水庫	104.0	93.93	2022-07-08
興仁水庫	63.7	53.95	2022-07-08
太湖水庫	148.1	148.08	2022-07-08
田埔水庫	48.6	48.62	2022-07-08
金沙水庫	43.5	43.47	2022-07-08
后沃水庫	41.63	41.3	2022-07-08
石門水庫	20526.01	18739.87	2022-07-15
西勢水庫	43.69	38.5	2022-07-15
新山水庫	1002.0	890.21	2022-07-15
翡翠水庫	33550.5	27607.18	2022-07-15
寶山水庫	503.5	491.28	2022-07-15
寶山第二水庫	3147.18	3159.79	2022-07-15
永和山水庫	2998.94	2948.0	2022-07-15
大埔水庫	529.9	458.8	2022-07-15
明德水庫	1245.26	1159.58	2022-07-15
鯉魚潭水庫	11583.69	11583.7	2022-07-15
德基水庫	18642.0	16607.18	2022-07-15
石岡壩	160.54	127.3	2022-07-15
霧社水庫	3682.5	2835.26	2022-07-15
日月潭水庫	12964.03	12696.18	2022-07-15
湖山水庫	5086.51	5107.2	2022-07-15
仁義潭水庫	2484.46	2385.83	2022-07-15
蘭潭水庫	923.97	841.08	2022-07-15
白河水庫	1307.1	569.0	2022-07-15
烏山頭水庫	7911.4	6127.0	2022-07-15
曾文水庫	50956.0	26399.0	2022-07-15
南化水庫	8935.1	8745.1	2022-07-15
鏡面水庫	98.3	-1.0	2022-07-15
澄清湖水庫	262.95	221.0	2022-07-15
阿公店水庫	1525.89	42.0	2022-07-15
鳳山水庫	716.0	360.82	2022-07-15
牡丹水庫	2652.17	1484.0	2022-07-15
成功水庫	104.0	91.5	2022-07-15
興仁水庫	63.7	52.6	2022-07-15
太湖水庫	148.1	148.08	2022-07-15
田埔水庫	48.6	48.62	2022-07-15
金沙水庫	43.5	43.47	2022-07-15
后沃水庫	41.63	40.37	2022-07-15
石門水庫	20526.01	18533.14	2022-07-22
西勢水庫	43.69	27.1	2022-07-22
新山水庫	1002.0	842.4	2022-07-22
翡翠水庫	33550.5	26898.48	2022-07-22
寶山水庫	503.5	486.09	2022-07-22
寶山第二水庫	3147.18	3159.19	2022-07-22
永和山水庫	2998.94	2960.25	2022-07-22
大埔水庫	529.9	467.59	2022-07-22
明德水庫	1245.26	1143.59	2022-07-22
鯉魚潭水庫	11583.69	11579.37	2022-07-22
德基水庫	18642.0	16549.05	2022-07-22
石岡壩	160.54	128.45	2022-07-22
霧社水庫	3682.5	2812.84	2022-07-22
日月潭水庫	12964.03	12534.36	2022-07-22
湖山水庫	5086.51	5100.99	2022-07-22
仁義潭水庫	2484.46	2328.86	2022-07-22
蘭潭水庫	923.97	834.97	2022-07-22
白河水庫	1307.1	514.0	2022-07-22
烏山頭水庫	7911.4	6153.0	2022-07-22
曾文水庫	50956.0	24489.0	2022-07-22
南化水庫	8935.1	8630.1	2022-07-22
鏡面水庫	98.3	80.99	2022-07-22
澄清湖水庫	262.95	223.0	2022-07-22
阿公店水庫	1525.89	45.0	2022-07-22
鳳山水庫	716.0	352.77	2022-07-22
牡丹水庫	2652.17	1404.0	2022-07-22
成功水庫	104.0	87.35	2022-07-22
興仁水庫	63.7	50.94	2022-07-22
太湖水庫	148.1	148.08	2022-07-22
田埔水庫	48.6	48.43	2022-07-22
金沙水庫	43.5	43.47	2022-07-22
后沃水庫	41.63	39.02	2022-07-22
石門水庫	20526.01	17510.83	2022-08-01
西勢水庫	43.69	21.88	2022-08-01
新山水庫	1002.0	711.04	2022-08-01
翡翠水庫	33550.5	25290.99	2022-08-01
寶山水庫	503.5	484.95	2022-08-01
寶山第二水庫	3147.18	3147.18	2022-08-01
永和山水庫	2998.94	2946.25	2022-08-01
大埔水庫	529.9	447.86	2022-08-01
明德水庫	1245.26	996.52	2022-08-01
鯉魚潭水庫	11583.69	11475.53	2022-08-01
德基水庫	18642.0	16048.64	2022-08-01
石岡壩	160.54	126.15	2022-08-01
霧社水庫	3682.5	2301.91	2022-08-01
日月潭水庫	12964.03	12534.36	2022-08-01
湖山水庫	5086.51	5092.72	2022-08-01
仁義潭水庫	2484.46	2211.19	2022-08-01
蘭潭水庫	923.97	842.61	2022-08-01
白河水庫	1307.1	454.0	2022-08-01
烏山頭水庫	7911.4	5727.0	2022-08-01
曾文水庫	50956.0	21408.73	2022-08-01
南化水庫	8935.1	8685.12	2022-08-01
鏡面水庫	98.3	79.95	2022-08-01
澄清湖水庫	262.95	211.0	2022-08-01
阿公店水庫	1525.89	44.0	2022-08-01
鳳山水庫	716.0	378.66	2022-08-01
牡丹水庫	2652.17	1293.0	2022-08-01
成功水庫	104.0	79.73	2022-08-01
興仁水庫	63.7	48.48	2022-08-01
太湖水庫	148.1	146.92	2022-08-01
田埔水庫	48.6	48.43	2022-08-01
金沙水庫	43.5	43.47	2022-08-01
后沃水庫	41.63	37.37	2022-08-01
石門水庫	20526.01	16809.91	2022-08-08
西勢水庫	43.69	19.34	2022-08-08
新山水庫	1002.0	623.12	2022-08-08
翡翠水庫	33550.5	24092.57	2022-08-08
寶山水庫	503.5	503.5	2022-08-08
寶山第二水庫	3147.18	3170.46	2022-08-08
永和山水庫	2998.94	2935.78	2022-08-08
大埔水庫	529.9	455.51	2022-08-08
明德水庫	1245.26	944.72	2022-08-08
鯉魚潭水庫	-1.0	11544.76	2022-08-08
德基水庫	18642.0	16271.77	2022-08-08
石岡壩	160.54	152.08	2022-08-08
霧社水庫	3682.5	2163.98	2022-08-08
日月潭水庫	12964.03	12655.69	2022-08-08
湖山水庫	5086.51	5098.92	2022-08-08
仁義潭水庫	2484.46	2367.57	2022-08-08
蘭潭水庫	923.97	874.9	2022-08-08
白河水庫	1307.1	808.0	2022-08-08
烏山頭水庫	7911.4	6136.0	2022-08-08
曾文水庫	50956.0	22196.0	2022-08-08
南化水庫	8935.1	8810.1	2022-08-08
鏡面水庫	98.3	80.68	2022-08-08
澄清湖水庫	262.95	226.0	2022-08-08
阿公店水庫	1525.89	42.0	2022-08-08
鳳山水庫	716.0	357.8	2022-08-08
牡丹水庫	2652.17	1313.0	2022-08-08
成功水庫	104.0	93.12	2022-08-08
興仁水庫	63.7	57.08	2022-08-08
太湖水庫	148.1	148.08	2022-08-08
田埔水庫	48.6	48.62	2022-08-08
金沙水庫	43.5	43.47	2022-08-08
后沃水庫	41.63	36.25	2022-08-08
石門水庫	20526.01	16039.96	2022-08-15
西勢水庫	43.69	18.07	2022-08-15
新山水庫	1002.0	519.76	2022-08-15
翡翠水庫	33550.5	22672.87	2022-08-15
寶山水庫	503.5	495.91	2022-08-15
寶山第二水庫	3147.18	3149.43	2022-08-15
永和山水庫	2998.94	2923.59	2022-08-15
大埔水庫	529.9	457.7	2022-08-15
明德水庫	1245.26	872.93	2022-08-15
鯉魚潭水庫	11583.69	11427.94	2022-08-15
德基水庫	18642.0	16310.02	2022-08-15
石岡壩	160.54	118.76	2022-08-15
霧社水庫	3682.5	1928.21	2022-08-15
日月潭水庫	12964.03	12623.32	2022-08-15
湖山水庫	5086.51	5109.27	2022-08-15
仁義潭水庫	2484.46	2424.73	2022-08-15
蘭潭水庫	923.97	899.72	2022-08-15
白河水庫	1307.1	1018.0	2022-08-15
烏山頭水庫	7911.4	5086.0	2022-08-15
曾文水庫	50956.0	23887.0	2022-08-15
南化水庫	8935.1	8940.22	2022-08-15
鏡面水庫	98.3	97.23	2022-08-15
澄清湖水庫	262.95	234.0	2022-08-15
阿公店水庫	1525.89	44.0	2022-08-15
鳳山水庫	716.0	369.96	2022-08-15
牡丹水庫	2652.17	1349.0	2022-08-15
成功水庫	104.0	88.98	2022-08-15
興仁水庫	63.7	54.75	2022-08-15
太湖水庫	148.1	147.41	2022-08-15
田埔水庫	48.6	48.62	2022-08-15
金沙水庫	43.5	42.73	2022-08-15
后沃水庫	41.63	36.42	2022-08-15
石門水庫	20526.01	15671.4	2022-08-22
西勢水庫	43.69	17.43	2022-08-22
新山水庫	1002.0	441.84	2022-08-22
翡翠水庫	33550.5	21140.64	2022-08-22
寶山水庫	503.5	484.37	2022-08-22
寶山第二水庫	3147.18	3143.58	2022-08-22
永和山水庫	2998.94	2930.55	2022-08-22
大埔水庫	529.9	469.79	2022-08-22
明德水庫	1245.26	925.9	2022-08-22
鯉魚潭水庫	11583.69	11307.49	2022-08-22
德基水庫	18642.0	16425.38	2022-08-22
石岡壩	160.54	137.76	2022-08-22
霧社水庫	3682.5	1743.49	2022-08-22
日月潭水庫	12964.03	12655.69	2022-08-22
湖山水庫	5086.51	5107.2	2022-08-22
仁義潭水庫	2484.46	2438.4	2022-08-22
蘭潭水庫	923.97	891.17	2022-08-22
白河水庫	1307.1	1129.0	2022-08-22
烏山頭水庫	7911.4	5702.0	2022-08-22
曾文水庫	50956.0	25650.0	2022-08-22
南化水庫	8935.1	8905.09	2022-08-22
鏡面水庫	98.3	85.97	2022-08-22
澄清湖水庫	262.95	228.0	2022-08-22
阿公店水庫	1525.89	128.0	2022-08-22
鳳山水庫	716.0	372.0	2022-08-22
牡丹水庫	2652.17	1456.0	2022-08-22
成功水庫	104.0	85.73	2022-08-22
興仁水庫	63.7	52.75	2022-08-22
太湖水庫	148.1	145.5	2022-08-22
田埔水庫	48.6	48.43	2022-08-22
金沙水庫	43.5	42.31	2022-08-22
后沃水庫	41.63	36.63	2022-08-22
石門水庫	20526.01	15280.63	2022-09-01
西勢水庫	43.69	12.43	2022-09-01
新山水庫	1002.0	333.76	2022-09-01
翡翠水庫	33550.5	19298.52	2022-09-01
寶山水庫	503.5	489.54	2022-09-01
寶山第二水庫	3147.18	3091.44	2022-09-01
永和山水庫	2998.94	2932.29	2022-09-01
大埔水庫	529.9	474.21	2022-09-01
明德水庫	1245.26	954.18	2022-09-01
鯉魚潭水庫	11583.69	11064.7	2022-09-01
德基水庫	18642.0	16394.54	2022-09-01
石岡壩	160.54	83.04	2022-09-01
霧社水庫	3682.5	1797.0	2022-09-01
日月潭水庫	12964.03	12574.78	2022-09-01
湖山水庫	5086.51	5105.13	2022-09-01
仁義潭水庫	2484.46	2440.78	2022-09-01
蘭潭水庫	923.97	910.65	2022-09-01
白河水庫	1307.1	1018.0	2022-09-01
烏山頭水庫	7911.4	5134.0	2022-09-01
曾文水庫	50956.0	24965.0	2022-09-01
南化水庫	8935.1	8900.1	2022-09-01
鏡面水庫	-1.0	97.23	2022-09-01
澄清湖水庫	262.95	211.0	2022-09-01
阿公店水庫	1525.89	401.0	2022-09-01
鳳山水庫	716.0	379.69	2022-09-01
牡丹水庫	2652.17	1820.0	2022-09-01
成功水庫	104.0	81.68	2022-09-01
興仁水庫	63.7	49.06	2022-09-01
太湖水庫	148.1	142.69	2022-09-01
田埔水庫	48.6	48.21	2022-09-01
金沙水庫	43.5	40.61	2022-09-01
后沃水庫	41.63	37.14	2022-09-01
石門水庫	20526.01	20638.9	2022-09-08
西勢水庫	43.69	43.69	2022-09-08
新山水庫	1002.0	367.84	2022-09-08
翡翠水庫	33550.5	28392.29	2022-09-08
寶山水庫	503.5	491.28	2022-09-08
寶山第二水庫	3147.18	3133.54	2022-09-08
永和山水庫	2998.94	2904.48	2022-09-08
大埔水庫	529.9	441.32	2022-09-08
明德水庫	1245.26	1233.32	2022-09-08
鯉魚潭水庫	11583.69	11627.82	2022-09-08
德基水庫	18642.0	18329.89	2022-09-08
石岡壩	160.54	136.0	2022-09-08
霧社水庫	3682.5	2386.17	2022-09-08
日月潭水庫	12964.03	12744.8	2022-09-08
湖山水庫	5086.51	5105.13	2022-09-08
仁義潭水庫	2484.46	2470.65	2022-09-08
蘭潭水庫	923.97	923.97	2022-09-08
白河水庫	1307.1	1101.0	2022-09-08
烏山頭水庫	7911.4	5134.0	2022-09-08
曾文水庫	50956.0	27574.0	2022-09-08
南化水庫	8935.1	9001.79	2022-09-08
鏡面水庫	98.3	-1.0	2022-09-08
澄清湖水庫	262.95	233.0	2022-09-08
阿公店水庫	1525.89	869.0	2022-09-08
鳳山水庫	716.0	361.33	2022-09-08
牡丹水庫	2652.17	1898.0	2022-09-08
成功水庫	104.0	78.28	2022-09-08
興仁水庫	63.7	46.39	2022-09-08
太湖水庫	148.1	140.75	2022-09-08
田埔水庫	48.6	47.56	2022-09-08
金沙水庫	43.5	38.06	2022-09-08
后沃水庫	41.63	37.19	2022-09-08
石門水庫	20526.01	20449.13	2022-09-15
西勢水庫	43.69	43.69	2022-09-15
新山水庫	1002.0	439.28	2022-09-15
翡翠水庫	33550.5	31722.93	2022-09-15
寶山水庫	503.5	501.16	2022-09-15
寶山第二水庫	3147.18	3119.63	2022-09-15
永和山水庫	2998.94	2949.75	2022-09-15
大埔水庫	529.9	435.9	2022-09-15
明德水庫	1245.26	1211.02	2022-09-15
鯉魚潭水庫	11583.69	11623.41	2022-09-15
德基水庫	18642.0	18309.44	2022-09-15
石岡壩	160.54	147.86	2022-09-15
霧社水庫	3682.5	2914.38	2022-09-15
日月潭水庫	12964.03	12696.18	2022-09-15
湖山水庫	5086.51	5107.2	2022-09-15
仁義潭水庫	2484.46	2475.25	2022-09-15
蘭潭水庫	923.97	916.13	2022-09-15
白河水庫	1307.1	1019.0	2022-09-15
烏山頭水庫	7911.4	5007.0	2022-09-15
曾文水庫	50956.0	27470.0	2022-09-15
南化水庫	8935.1	8905.09	2022-09-15
鏡面水庫	98.3	88.12	2022-09-15
澄清湖水庫	262.95	200.0	2022-09-15
阿公店水庫	1525.89	1501.0	2022-09-15
鳳山水庫	716.0	351.27	2022-09-15
牡丹水庫	2652.17	1906.0	2022-09-15
成功水庫	104.0	75.67	2022-09-15
興仁水庫	63.7	43.54	2022-09-15
太湖水庫	148.1	138.38	2022-09-15
田埔水庫	48.6	47.39	2022-09-15
金沙水庫	43.5	36.54	2022-09-15
后沃水庫	41.63	37.42	2022-09-15
石門水庫	20526.01	20483.3	2022-09-22
西勢水庫	43.69	34.1	2022-09-22
新山水庫	1002.0	509.32	2022-09-22
翡翠水庫	33550.5	31391.72	2022-09-22
寶山水庫	503.5	493.01	2022-09-22
寶山第二水庫	3147.18	3164.9	2022-09-22
永和山水庫	2998.94	2998.94	2022-09-22
大埔水庫	529.9	446.77	2022-09-22
明德水庫	1245.26	1240.77	2022-09-22
鯉魚潭水庫	11583.69	11619.0	2022-09-22
德基水庫	18642.0	18440.53	2022-09-22
石岡壩	160.54	144.28	2022-09-22
霧社水庫	3682.5	3425.68	2022-09-22
日月潭水庫	12964.03	12696.18	2022-09-22
湖山水庫	5086.51	5105.13	2022-09-22
仁義潭水庫	2484.46	2466.05	2022-09-22
蘭潭水庫	923.97	922.4	2022-09-22
白河水庫	1307.1	966.0	2022-09-22
烏山頭水庫	7911.4	4999.0	2022-09-22
曾文水庫	50956.0	26680.0	2022-09-22
南化水庫	8935.1	8900.09	2022-09-22
鏡面水庫	98.3	87.9	2022-09-22
澄清湖水庫	262.95	239.0	2022-09-22
阿公店水庫	1525.89	1706.0	2022-09-22
鳳山水庫	716.0	385.89	2022-09-22
牡丹水庫	2652.17	1896.0	2022-09-22
成功水庫	104.0	73.12	2022-09-22
興仁水庫	63.7	41.24	2022-09-22
太湖水庫	148.1	136.5	2022-09-22
田埔水庫	48.6	46.9	2022-09-22
金沙水庫	43.5	35.17	2022-09-22
后沃水庫	41.63	37.23	2022-09-22
石門水庫	20526.01	20630.21	2022-10-01
西勢水庫	43.69	40.37	2022-10-01
新山水庫	1002.0	614.51	2022-10-01
翡翠水庫	33550.5	31347.08	2022-10-01
寶山水庫	503.5	485.52	2022-10-01
寶山第二水庫	3147.18	3168.66	2022-10-01
永和山水庫	2998.94	3000.71	2022-10-01
大埔水庫	529.9	450.04	2022-10-01
明德水庫	1245.26	1184.47	2022-10-01
鯉魚潭水庫	11583.69	11588.11	2022-10-01
德基水庫	18642.0	18605.26	2022-10-01
石岡壩	160.54	149.66	2022-10-01
霧社水庫	3682.5	3440.36	2022-10-01
日月潭水庫	12964.03	12171.63	2022-10-01
湖山水庫	5086.51	5094.79	2022-10-01
仁義潭水庫	2484.46	2376.7	2022-10-01
蘭潭水庫	923.97	918.48	2022-10-01
白河水庫	1307.1	850.0	2022-10-01
烏山頭水庫	7911.4	5215.0	2022-10-01
曾文水庫	50956.0	25474.0	2022-10-01
南化水庫	8935.1	8800.1	2022-10-01
鏡面水庫	98.3	86.29	2022-10-01
澄清湖水庫	262.95	221.0	2022-10-01
阿公店水庫	1525.89	1843.0	2022-10-01
鳳山水庫	716.0	355.78	2022-10-01
牡丹水庫	2652.17	1865.0	2022-10-01
成功水庫	104.0	69.3	2022-10-01
興仁水庫	63.7	38.2	2022-10-01
太湖水庫	148.1	133.68	2022-10-01
田埔水庫	48.6	46.69	2022-10-01
金沙水庫	43.5	32.76	2022-10-01
后沃水庫	41.63	36.96	2022-10-01
石門水庫	20526.01	20604.16	2022-10-08
西勢水庫	43.69	43.69	2022-10-08
新山水庫	1002.0	704.44	2022-10-08
翡翠水庫	33550.5	31472.17	2022-10-08
寶山水庫	503.5	483.23	2022-10-08
寶山第二水庫	3147.18	3165.65	2022-10-08
永和山水庫	2998.94	2995.41	2022-10-08
大埔水庫	529.9	469.79	2022-10-08
明德水庫	1245.26	1133.45	2022-10-08
鯉魚潭水庫	11583.69	11583.7	2022-10-08
德基水庫	18642.0	18601.13	2022-10-08
石岡壩	160.54	152.68	2022-10-08
霧社水庫	3682.5	3406.13	2022-10-08
日月潭水庫	12964.03	12091.28	2022-10-08
湖山水庫	5086.51	5088.58	2022-10-08
仁義潭水庫	2484.46	2285.73	2022-10-08
蘭潭水庫	923.97	908.31	2022-10-08
白河水庫	1307.1	776.0	2022-10-08
烏山頭水庫	7911.4	5264.0	2022-10-08
曾文水庫	50956.0	23517.0	2022-10-08
南化水庫	8935.1	8795.1	2022-10-08
鏡面水庫	98.3	89.41	2022-10-08
澄清湖水庫	262.95	239.0	2022-10-08
阿公店水庫	1525.89	1840.0	2022-10-08
鳳山水庫	716.0	380.72	2022-10-08
牡丹水庫	2652.17	1838.0	2022-10-08
成功水庫	104.0	67.9	2022-10-08
興仁水庫	63.7	36.5	2022-10-08
太湖水庫	148.1	131.8	2022-10-08
田埔水庫	48.6	46.25	2022-10-08
金沙水庫	43.5	32.08	2022-10-08
后沃水庫	41.63	36.79	2022-10-08
石門水庫	20526.01	20363.7	2022-10-15
西勢水庫	43.69	43.69	2022-10-15
新山水庫	1002.0	790.28	2022-10-15
翡翠水庫	33550.5	31983.57	2022-10-15
寶山水庫	503.5	494.75	2022-10-15
寶山第二水庫	3147.18	3142.68	2022-10-15
永和山水庫	2998.94	2976.04	2022-10-15
大埔水庫	529.9	451.14	2022-10-15
明德水庫	1245.26	1076.2	2022-10-15
鯉魚潭水庫	11583.69	11579.37	2022-10-15
德基水庫	18855.0	18503.51	2022-10-15
石岡壩	160.54	136.59	2022-10-15
霧社水庫	3682.5	3330.62	2022-10-15
日月潭水庫	12964.03	12292.33	2022-10-15
湖山水庫	5086.51	5088.58	2022-10-15
仁義潭水庫	2484.46	2204.44	2022-10-15
蘭潭水庫	923.97	881.86	2022-10-15
白河水庫	1307.1	666.0	2022-10-15
烏山頭水庫	7911.4	5014.0	2022-10-15
曾文水庫	50956.0	23149.0	2022-10-15
南化水庫	8935.1	8835.1	2022-10-15
鏡面水庫	98.3	89.52	2022-10-15
澄清湖水庫	262.95	221.0	2022-10-15
阿公店水庫	1525.89	1768.0	2022-10-15
鳳山水庫	716.0	368.86	2022-10-15
牡丹水庫	2652.17	1798.0	2022-10-15
成功水庫	104.0	64.81	2022-10-15
興仁水庫	63.7	34.5	2022-10-15
太湖水庫	148.1	128.52	2022-10-15
田埔水庫	48.6	45.38	2022-10-15
金沙水庫	43.5	31.06	2022-10-15
后沃水庫	41.63	36.38	2022-10-15
石門水庫	20526.01	20552.06	2022-10-22
西勢水庫	43.69	43.69	2022-10-22
新山水庫	1002.0	875.52	2022-10-22
翡翠水庫	33550.5	30812.92	2022-10-22
寶山水庫	503.5	503.5	2022-10-22
寶山第二水庫	3147.18	3157.09	2022-10-22
永和山水庫	2998.94	2956.75	2022-10-22
大埔水庫	529.9	447.86	2022-10-22
明德水庫	1245.26	1038.18	2022-10-22
鯉魚潭水庫	11583.69	11475.53	2022-10-22
德基水庫	18855.0	18567.41	2022-10-22
石岡壩	160.54	123.29	2022-10-22
霧社水庫	3682.5	3418.34	2022-10-22
日月潭水庫	12964.03	12332.61	2022-10-22
湖山水庫	5086.51	5055.79	2022-10-22
仁義潭水庫	2484.46	2119.29	2022-10-22
蘭潭水庫	923.97	858.71	2022-10-22
白河水庫	1307.1	634.0	2022-10-22
烏山頭水庫	7911.4	5329.0	2022-10-22
曾文水庫	50956.0	21285.0	2022-10-22
南化水庫	8935.1	8735.1	2022-10-22
鏡面水庫	98.3	86.94	2022-10-22
澄清湖水庫	262.95	237.0	2022-10-22
阿公店水庫	1525.89	1718.0	2022-10-22
鳳山水庫	716.0	371.49	2022-10-22
牡丹水庫	2652.17	2118.0	2022-10-22
成功水庫	104.0	62.92	2022-10-22
興仁水庫	63.7	32.63	2022-10-22
太湖水庫	148.1	126.66	2022-10-22
田埔水庫	48.6	45.17	2022-10-22
金沙水庫	43.5	30.23	2022-10-22
后沃水庫	41.63	35.29	2022-10-22
石門水庫	20526.01	20150.15	2022-11-01
西勢水庫	43.69	43.69	2022-11-01
新山水庫	1002.0	916.67	2022-11-01
翡翠水庫	33550.5	30812.92	2022-11-01
寶山水庫	503.5	493.59	2022-11-01
寶山第二水庫	3147.18	3134.59	2022-11-01
永和山水庫	2998.94	2881.99	2022-11-01
大埔水庫	529.9	422.95	2022-11-01
明德水庫	1245.26	947.42	2022-11-01
鯉魚潭水庫	11583.69	11294.66	2022-11-01
德基水庫	18855.0	18427.0	2022-11-01
石岡壩	160.54	118.76	2022-11-01
霧社水庫	3682.5	3282.11	2022-11-01
日月潭水庫	12964.03	12615.23	2022-11-01
湖山水庫	5086.51	4965.96	2022-11-01
仁義潭水庫	2484.46	1999.48	2022-11-01
蘭潭水庫	923.97	809.13	2022-11-01
白河水庫	1307.1	507.0	2022-11-01
烏山頭水庫	7911.4	4583.0	2022-11-01
曾文水庫	50956.0	20647.0	2022-11-01
南化水庫	8935.1	8540.12	2022-11-01
鏡面水庫	98.3	83.84	2022-11-01
澄清湖水庫	262.95	247.0	2022-11-01
阿公店水庫	1525.89	1712.0	2022-11-01
鳳山水庫	716.0	376.6	2022-11-01
牡丹水庫	2652.17	2074.0	2022-11-01
成功水庫	104.0	59.5	2022-11-01
興仁水庫	63.7	29.83	2022-11-01
太湖水庫	148.1	123.41	2022-11-01
田埔水庫	48.6	44.72	2022-11-01
金沙水庫	43.5	31.37	2022-11-01
后沃水庫	41.63	33.68	2022-11-01
石門水庫	20526.01	20621.53	2022-11-08
西勢水庫	43.69	43.69	2022-11-08
新山水庫	1002.0	945.0	2022-11-08
翡翠水庫	33550.5	30334.82	2022-11-08
寶山水庫	503.5	479.24	2022-11-08
寶山第二水庫	3147.18	3085.78	2022-11-08
永和山水庫	2998.94	2813.37	2022-11-08
大埔水庫	529.9	392.02	2022-11-08
明德水庫	1245.26	891.33	2022-11-08
鯉魚潭水庫	11583.69	11026.63	2022-11-08
德基水庫	18855.0	18597.28	2022-11-08
石岡壩	160.54	83.56	2022-11-08
霧社水庫	3682.5	3447.05	2022-11-08
日月潭水庫	12964.03	12777.24	2022-11-08
湖山水庫	5086.51	4881.28	2022-11-08
仁義潭水庫	2484.46	1920.49	2022-11-08
蘭潭水庫	923.97	788.02	2022-11-08
白河水庫	1307.1	499.0	2022-11-08
烏山頭水庫	7911.4	5086.0	2022-11-08
曾文水庫	50956.0	18888.0	2022-11-08
南化水庫	8935.1	8475.12	2022-11-08
鏡面水庫	98.3	82.36	2022-11-08
澄清湖水庫	262.95	214.0	2022-11-08
阿公店水庫	1525.89	1669.0	2022-11-08
鳳山水庫	716.0	370.47	2022-11-08
牡丹水庫	2652.17	2241.0	2022-11-08
成功水庫	104.0	58.5	2022-11-08
興仁水庫	63.7	28.48	2022-11-08
太湖水庫	148.1	121.55	2022-11-08
田埔水庫	48.6	44.49	2022-11-08
金沙水庫	43.5	32.06	2022-11-08
后沃水庫	41.63	32.76	2022-11-08
石門水庫	20526.01	20699.68	2022-11-15
西勢水庫	43.69	38.59	2022-11-15
新山水庫	1002.0	946.5	2022-11-15
翡翠水庫	33550.5	29456.92	2022-11-15
寶山水庫	503.5	493.48	2022-11-15
寶山第二水庫	3147.18	3023.25	2022-11-15
永和山水庫	2998.94	2745.62	2022-11-15
大埔水庫	529.9	347.04	2022-11-15
明德水庫	1245.26	837.86	2022-11-15
鯉魚潭水庫	11583.69	10766.17	2022-11-15
德基水庫	18855.0	18622.92	2022-11-15
石岡壩	160.54	80.97	2022-11-15
霧社水庫	3682.5	3423.23	2022-11-15
日月潭水庫	12964.03	12211.84	2022-11-15
湖山水庫	5086.51	4776.57	2022-11-15
仁義潭水庫	2484.46	1861.73	2022-11-15
蘭潭水庫	923.97	752.89	2022-11-15
白河水庫	1307.1	485.0	2022-11-15
烏山頭水庫	7911.4	5054.0	2022-11-15
曾文水庫	50956.0	16981.0	2022-11-15
南化水庫	8935.1	8332.64	2022-11-15
鏡面水庫	98.3	79.74	2022-11-15
澄清湖水庫	262.95	230.0	2022-11-15
阿公店水庫	1525.89	1626.0	2022-11-15
鳳山水庫	716.0	383.82	2022-11-15
牡丹水庫	2652.17	2266.0	2022-11-15
成功水庫	104.0	57.58	2022-11-15
興仁水庫	63.7	27.38	2022-11-15
太湖水庫	148.1	120.63	2022-11-15
田埔水庫	48.6	44.3	2022-11-15
金沙水庫	43.5	32.34	2022-11-15
后沃水庫	41.63	31.96	2022-11-15
石門水庫	20526.01	20621.53	2022-11-22
西勢水庫	43.69	39.34	2022-11-22
新山水庫	1002.0	944.0	2022-11-22
翡翠水庫	33550.5	29719.23	2022-11-22
寶山水庫	503.5	410.1	2022-11-22
寶山第二水庫	3147.18	2960.07	2022-11-22
永和山水庫	2998.94	2668.8	2022-11-22
大埔水庫	529.9	305.42	2022-11-22
明德水庫	1245.26	798.25	2022-11-22
鯉魚潭水庫	11583.69	10604.19	2022-11-22
德基水庫	18855.0	18593.01	2022-11-22
石岡壩	160.54	45.27	2022-11-22
霧社水庫	3682.5	3447.7	2022-11-22
日月潭水庫	12964.03	12171.63	2022-11-22
湖山水庫	5086.51	4652.27	2022-11-22
仁義潭水庫	2484.46	1805.56	2022-11-22
蘭潭水庫	923.97	716.01	2022-11-22
白河水庫	1307.1	469.0	2022-11-22
烏山頭水庫	7911.4	4546.0	2022-11-22
曾文水庫	50956.0	16601.0	2022-11-22
南化水庫	8935.1	8122.79	2022-11-22
鏡面水庫	98.3	76.93	2022-11-22
澄清湖水庫	262.95	234.0	2022-11-22
阿公店水庫	1525.89	1590.0	2022-11-22
鳳山水庫	716.0	361.33	2022-11-22
牡丹水庫	2652.17	2268.0	2022-11-22
成功水庫	104.0	56.43	2022-11-22
興仁水庫	63.7	26.04	2022-11-22
太湖水庫	148.1	119.25	2022-11-22
田埔水庫	48.6	44.3	2022-11-22
金沙水庫	43.5	32.76	2022-11-22
后沃水庫	41.63	31.35	2022-11-22
石門水庫	20526.01	20664.95	2022-12-01
西勢水庫	43.69	43.69	2022-12-01
新山水庫	1002.0	960.5	2022-12-01
翡翠水庫	33550.5	30123.25	2022-12-01
寶山水庫	500.83	438.94	2022-12-01
寶山第二水庫	3147.18	3140.43	2022-12-01
永和山水庫	2993.43	2693.73	2022-12-01
大埔水庫	529.9	420.79	2022-12-01
明德水庫	1245.26	810.95	2022-12-01
鯉魚潭水庫	11583.69	10612.48	2022-12-01
德基水庫	18855.0	18790.05	2022-12-01
石岡壩	160.54	118.2	2022-12-01
霧社水庫	3682.5	3437.91	2022-12-01
日月潭水庫	12964.03	12736.7	2022-12-01
湖山水庫	5086.51	4386.23	2022-12-01
仁義潭水庫	2484.46	1751.94	2022-12-01
蘭潭水庫	923.97	668.28	2022-12-01
白河水庫	1307.1	447.0	2022-12-01
烏山頭水庫	7911.4	6486.0	2022-12-01
曾文水庫	50956.0	13866.0	2022-12-01
南化水庫	8935.1	7851.47	2022-12-01
鏡面水庫	98.3	73.44	2022-12-01
澄清湖水庫	262.95	220.0	2022-12-01
阿公店水庫	1525.89	1525.0	2022-12-01
鳳山水庫	716.0	380.2	2022-12-01
牡丹水庫	2652.17	2246.0	2022-12-01
成功水庫	104.0	54.36	2022-12-01
興仁水庫	63.7	23.98	2022-12-01
太湖水庫	148.1	120.63	2022-12-01
田埔水庫	48.6	45.38	2022-12-01
金沙水庫	43.5	34.49	2022-12-01
后沃水庫	41.63	30.75	2022-12-01
石門水庫	20526.01	20638.9	2022-12-08
西勢水庫	43.69	43.69	2022-12-08
新山水庫	1002.0	964.0	2022-12-08
翡翠水庫	33550.5	31043.99	2022-12-08
寶山水庫	500.83	450.32	2022-12-08
寶山第二水庫	3147.18	3156.49	2022-12-08
永和山水庫	2993.43	2645.66	2022-12-08
大埔水庫	529.9	435.9	2022-12-08
明德水庫	1245.26	807.13	2022-12-08
鯉魚潭水庫	11583.69	10467.99	2022-12-08
德基水庫	18855.0	18742.83	2022-12-08
石岡壩	160.54	52.35	2022-12-08
霧社水庫	3682.5	3445.25	2022-12-08
日月潭水庫	12964.03	12769.13	2022-12-08
湖山水庫	5086.51	4143.61	2022-12-08
仁義潭水庫	2484.46	1696.55	2022-12-08
蘭潭水庫	923.97	607.2	2022-12-08
白河水庫	1307.1	431.0	2022-12-08
烏山頭水庫	7911.4	6214.0	2022-12-08
曾文水庫	50956.0	13945.0	2022-12-08
南化水庫	8935.1	7636.3	2022-12-08
鏡面水庫	98.3	71.42	2022-12-08
澄清湖水庫	262.95	222.0	2022-12-08
阿公店水庫	1525.89	1475.0	2022-12-08
鳳山水庫	716.0	373.53	2022-12-08
牡丹水庫	2652.17	2219.0	2022-12-08
成功水庫	104.0	53.0	2022-12-08
興仁水庫	63.7	22.54	2022-12-08
太湖水庫	148.1	118.79	2022-12-08
田埔水庫	48.6	45.17	2022-12-08
金沙水庫	43.5	35.21	2022-12-08
后沃水庫	41.63	29.84	2022-12-08
石門水庫	20526.01	20673.63	2022-12-15
西勢水庫	43.69	43.69	2022-12-15
新山水庫	1002.0	905.89	2022-12-15
翡翠水庫	33550.5	32145.79	2022-12-15
寶山水庫	500.83	433.02	2022-12-15
寶山第二水庫	3147.18	3133.24	2022-12-15
永和山水庫	2993.43	2585.06	2022-12-15
大埔水庫	529.9	446.77	2022-12-15
明德水庫	1245.26	796.99	2022-12-15
鯉魚潭水庫	11583.69	10259.38	2022-12-15
德基水庫	18855.0	18717.1	2022-12-15
石岡壩	160.54	37.64	2022-12-15
霧社水庫	3682.5	3433.01	2022-12-15
日月潭水庫	12964.03	12769.13	2022-12-15
湖山水庫	5086.51	3983.51	2022-12-15
仁義潭水庫	2484.46	1635.25	2022-12-15
蘭潭水庫	923.97	548.1	2022-12-15
白河水庫	1307.1	375.0	2022-12-15
烏山頭水庫	7911.4	5795.0	2022-12-15
曾文水庫	50956.0	14024.0	2022-12-15
南化水庫	8935.1	7436.37	2022-12-15
鏡面水庫	98.3	68.92	2022-12-15
澄清湖水庫	262.95	230.0	2022-12-15
阿公店水庫	1525.89	1428.0	2022-12-15
鳳山水庫	716.0	370.47	2022-12-15
牡丹水庫	2652.17	2179.0	2022-12-15
成功水庫	104.0	51.98	2022-12-15
興仁水庫	63.7	21.08	2022-12-15
太湖水庫	148.1	117.4	2022-12-15
田埔水庫	48.6	45.38	2022-12-15
金沙水庫	43.5	35.75	2022-12-15
后沃水庫	41.63	28.98	2022-12-15
石門水庫	20526.01	20656.26	2022-12-22
西勢水庫	43.69	43.23	2022-12-22
新山水庫	1002.0	828.48	2022-12-22
翡翠水庫	33550.5	31293.52	2022-12-22
寶山水庫	500.83	475.27	2022-12-22
寶山第二水庫	3147.18	3148.38	2022-12-22
永和山水庫	2993.43	2568.83	2022-12-22
大埔水庫	529.9	500.87	2022-12-22
明德水庫	1245.26	798.25	2022-12-22
鯉魚潭水庫	11583.69	10161.95	2022-12-22
德基水庫	18855.0	18764.29	2022-12-22
石岡壩	160.54	40.99	2022-12-22
霧社水庫	3682.5	3403.68	2022-12-22
日月潭水庫	12964.03	12769.12	2022-12-22
湖山水庫	5086.51	3905.74	2022-12-22
仁義潭水庫	2484.46	1557.79	2022-12-22
蘭潭水庫	923.97	533.46	2022-12-22
白河水庫	1307.1	365.0	2022-12-22
烏山頭水庫	7911.4	5362.0	2022-12-22
曾文水庫	50956.0	14148.0	2022-12-22
南化水庫	8935.1	7268.55	2022-12-22
鏡面水庫	98.3	66.85	2022-12-22
澄清湖水庫	262.95	248.0	2022-12-22
阿公店水庫	1525.89	1394.0	2022-12-22
鳳山水庫	716.0	377.63	2022-12-22
牡丹水庫	2652.17	2133.0	2022-12-22
成功水庫	104.0	51.28	2022-12-22
興仁水庫	63.7	21.01	2022-12-22
太湖水庫	148.1	116.48	2022-12-22
田埔水庫	48.6	45.38	2022-12-22
金沙水庫	43.5	36.57	2022-12-22
后沃水庫	41.63	28.85	2022-12-22
